{
  "app": {
    "httpPort": 23331
  },
  "logger": {
    "storageDir": "/var/log"
  },
  "rabbitmq": {
    "urls": [
      "amqp://0.0.0.0:13340"
    ]
  },
  "redis": {
    "config": {
      "host": "localhost",
      "port": 6379,
      "password": "dev123456"
    }
  },
  "casbin": {
    "db": {
      "type": "mysql",
      "host": "localhost",
      "port": 3306,
      "username": "root",
      "password": "dev123456",
      "database": "casbin-dev"
    }
  },
  "jwt": {
    "secret": "Z2hwX2V6SW1SaTBGWXg1aXkyZGVsUFJ6TDhwZ2YxOWhKVjBwNlBlSwo=",
    "signOptions": {
      "expiresIn": "10000d"
    }
  }
}