{
    "mail": {
        "type": "aliyun",
        "host": "smtp.aliyun.com",
        "username": "wanghan9423@aliyun.com",
        "password": "outlook9423",
        "port": 995,
        "from": "deskbtm"
    },
    "logger": {
        "storageDir": "/var/log",
        "loki": {
            "host": "http://0.0.0.0:13339",
            "json": true,
            "labels": {
                "job": "@letscollab/msg"
            }
        },
        "rejectionLoki": {
            "host": "http://0.0.0.0:13339",
            "json": true,
            "labels": {
                "job": "@letscollab/msg-rejection"
            }
        }
    }
}