{
  "logger": {
    "storageDir": "/var/log",
    "loki": {
      "host": "http://0.0.0.0:13339",
      "json": true,
      "labels": {
        "job": "@letscollab/collab"
      }
    },
    "rejectionLoki": {
      "host": "http://0.0.0.0:13339",
      "json": true,
      "labels": {
        "job": "@letscollab/collab-rejection"
      }
    }
  },
  "rabbitmq": {
    "urls": ["amqp://0.0.0.0:13340"]
  },
  "redis": {
    "config": {
      "host": "0.0.0.0",
      "port": 6379,
      "password": "letscollab"
    }
  },
  "orm": {
    "type": "mysql",
    "host": "localhost",
    "port": 3306,
    "username": "root",
    "password": "letscollab",
    "database": "letscollab-dev",
    "synchronize": true,
    "logging": false
  },
  "github":  {
    "auth": "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"
  }
}