{
    "session": {
        "secret": "UVISaKja95xQLQaGoOBiL9mH2Pm9ZgvgdyutRf9tigo=",
        "cookie": {
            "secure": false
        }
    },
    "cookie": {
        "secret": "letscollab",
        "parseOptions": {
            "secure": false,
            "httpOnly": true
        }
    },
    "redis": {
        "host": "0.0.0.0",
        "port": 6379,
        "password": "letscollab"
    },
    // Mysql Config
    "orm": {
        "type": "mysql",
        "host": "localhost",
        "port": 3306,
        "username": "root",
        "password": "letscollab",
        "database": "letscollab-dev",
        "synchronize": true,
        "logging": false,
        "extra": {
            "charset": "utf8mb4_unicode_ci"
        }
    },
    "casbin": {
        "database": "access-control-dev"
    },
    "s3": {
        "region": "us-east-1",
        "accessKey": "letscollab_admin",
        "secretKey": "letscollab_admin",
        "endpoint": "http://obsd.letscollab.deskbtm.com:18334"
    },
    "mail": {
        "type": "aliyun",
        "host": "smtp.aliyun.com",
        "username": "wanghan9423@aliyun.com",
        "password": "zOwaS38TINWqdnK1HZg",
        "port": 995,
        "from": "deskbtm"
    }
}