{
    "github": {
        "clientID": "0a9aef8e6f3858f08ce5",
        "clientSecret": "3a6229f3d0b48dc27b6305bf369a46bb6300b285",
        "callbackURL": "http://api.letscollab.deskbtm.com:13200/v1/auth/github/callback"
    },
    "apiProtect": {
        // 接口校验
        "salt": "dev123456",
        // api有效时长
        "expire": 10000,
        // 是否启用 ProectGuard
        "enableProtectGuard": false
    },
    "cors": {
        "origin": [
            "http://baidu.com1"
        ]
    }
}