{
  "logger": {
    "storageDir": "/var/log",
    "loki": {
      "host": "http://0.0.0.0:13339",
      "json": true,
      "labels": {
        "job": "@letscollab/auth"
      }
    },
    "rejectionLoki": {
      "host": "http://0.0.0.0:13339",
      "json": true,
      "labels": {
        "job": "@letscollab/auth-rejection"
      }
    }
  },
  "rabbitmq": {
    "urls": [
      "amqp://0.0.0.0:13340"
    ]
  },
  "bull": {
    "queueName": "@letscollab/auth"
  },
  "casbin": {
    "db": {
      "type": "mysql",
      "host": "0.0.0.0",
      "port": 3306,
      "username": "root",
      "password": "letscollab",
      "database": "access-control-dev"
    }
  },
  "github": {
    "clientID": "0a9aef8e6f3858f08ce5",
    "clientSecret": "3a6229f3d0b48dc27b6305bf369a46bb6300b285",
    "callbackURL": "http://api.letscollab.deskbtm.com:13200/v1/auth/github/callback"
  },
  // Mysql Config
  "orm": {
    "type": "mysql",
    "host": "localhost",
    "port": 3306,
    "username": "root",
    "password": "letscollab",
    "database": "letscollab-dev",
    "synchronize": true,
    "logging": false,
    "extra": {
      "charset": "utf8mb4_unicode_ci"
    }
  }
}