{
    "security": {
        // 接口校验
        "apiSalt": "dev123456",
        // api有效时长
        "apiExpire": 10000,
        // 是否启用 ProectGuard
        "enableProtectGuard": false
    },
    "session": {
        "secret": "UVISaKja95xQLQaGoOBiL9mH2Pm9ZgvgdyutRf9tigo=",
        "cookie": {
            "secure": false
        }
    },
    "cookie": {
        "secret": "letscollab",
        "parseOptions": {
            "secure": false,
            "maxAge": 1000000000000,
            "httpOnly": true
        }
    },
    "redis": {
        "host": "0.0.0.0",
        "port": 6379,
        "password": "letscollab"
    }
}