{
  "logger": {
    "storageDir": "/var/log",
    "loki": {
      "host": "http://0.0.0.0:13339",
      "json": true,
      "labels": {
        "job": "@letscollab/user"
      }
    },
    "rejectionLoki": {
      "host": "http://0.0.0.0:13339",
      "json": true,
      "labels": {
        "job": "@letscollab/user-rejection"
      }
    }
  },
  "rabbitmq": {
    "urls": [
      "amqp://0.0.0.0:13340"
    ]
  },
  "orm": {
    "type": "mysql",
    "host": "localhost",
    "port": 3306,
    "username": "root",
    "password": "letscollab",
    "database": "letscollab-dev",
    "synchronize": true,
    "logging": false,
    "charset": "utf8mb4",
    "extra": {
      "charset": "utf8mb4_unicode_ci"
    }
  }
}