{
  "logger": {
    "storageDir": "/var/log",
    "loki": {
      "host": "http://loki:3100",
      "json": true,
      "labels": {
        "job": "@letscollab/auth"
      }
    },
    "rejectionLoki": {
      "host": "http://loki:3100",
      "json": true,
      "labels": {
        "job": "@letscollab/auth-rejection"
      }
    }
  },
  "rabbitmq": {
    "urls": [
      "amqp://rabbitmq:5672"
    ]
  },
  "redis": {
    "config": {
      "host": "redis",
      "port": 6379,
      "password": "letscollab"
    }
  },
  "casbin": {
    "db": {
      "type": "mysql",
      "host": "mysql",
      "port": 3306,
      "username": "root",
      "password": "letscollab",
      "database": "casbin-dev"
    }
  },
  "jwt": {
    "secret": "Z2hwX2V6SW1SaTBGWXg1aXkyZGVsUFJ6TDhwZ2YxOWhKVjBwNlBlSwo=",
    "signOptions": {
      "expiresIn": "10000d"
    }
  }
}