{
  "app": {
    "httpPort": 23331
  },
  "logger": {
    "storageDir": "/var/log",
    "loki": {
      "host": "http://0.0.0.0:13339",
      "json": true,
      "labels": {
        "job": "@letscollab/auth"
      }
    },
    "rejectionLoki": {
      "host": "http://0.0.0.0:13339",
      "json": true,
      "labels": {
        "job": "@letscollab/auth-rejection"
      }
    }
  },
  "rabbitmq": {
    "urls": [
      "amqp://0.0.0.0:13340"
    ]
  },
  "redis": {
    "config": {
      "host": "0.0.0.0",
      "port": 6379,
      "password": "letscollab"
    }
  },
  "bull": {
    "queueName": "@letscollab/auth"
  },
  "casbin": {
    "db": {
      "type": "mysql",
      "host": "0.0.0.0",
      "port": 3306,
      "username": "root",
      "password": "letscollab",
      "database": "casbin-dev"
    }
  },
  "jwt": {
    "secret": "Z2hwX2V6SW1SaTBGWXg1aXkyZGVsUFJ6TDhwZ2YxOWhKVjBwNlBlSwo=",
    "signOptions": {
      "expiresIn": "10000d"
    }
  },
  "github": {
    "clientID": "0a9aef8e6f3858f08ce5",
    "clientSecret": "3a6229f3d0b48dc27b6305bf369a46bb6300b285",
    "callbackURL": "http://0.0.0.0:23331/v1/auth/github/callback"
  },
  "orm": {
    "type": "mysql",
    "host": "localhost",
    "port": 3306,
    "username": "root",
    "password": "letscollab",
    "database": "letscollab-dev",
    "synchronize": true,
    "logging": false
  }
}